Ventas_norteamerica,Calificacion_critica
107131.67465006409,72.95323590342703
653226.4936947407,68.68616874764064
341423.8634572744,76.3382138564858
1452507.9792718687,73.10357791227239
2585398.594006739,81.20651436446249
106897.23038885719,74.93329013647451
103158.33529720525,85.12527577649807
196339.05592684553,85.1746424315535
310149.5795586216,69.26393809585458
209876.69903333357,59.37450385316396
316695.1085888023,63.88987291876796
190520.82993622823,70.4171653011297
65602.22295347822,83.70251051081591
619803.5961146442,66.63437648763762
328957.0793130476,82.50174999032336
206211.6507549109,70.49231122918184
1753396.1870402005,62.45484950942294
343781.17114172445,71.50037060590289
51856.450909702806,67.71416924863723
231210.8983468879,80.69426687649374
461850.90972765035,72.32368571819391
362567.47471312096,92.85403464669444
174523.90064093843,77.1499668075674
82156.70247310726,81.79972803069771
1724481.8134207302,90.61823037824999
815150.8271392026,83.08979560345232
18748.684284851886,74.38720622215722
3215857.436290518,52.4141790860182
523140.9999456004,75.86662357773952
286791.6989106472,69.93220277308396
88015.47691480548,72.73589434705742
208545.77386866754,84.89580023127043
62951.306544838706,71.12958007828968
1942844.3635076713,72.33755825617864
568081.8219009676,72.33430991029056
564671.2770051925,71.83939400832656
888128.8236408149,84.44980753890712
66834.34713505814,47.94451401926309
281560.47302315687,83.29127862713716
243590.22059141507,70.31627890937997
13509.817969961325,80.9131951349852
83966.20996188116,72.25320487047718
472100.89007022756,81.20251114635185
21068.88482579717,85.35249881381036
2032807.4053995498,72.59906493818865
253786.33379949036,69.91078632033935
136354.42143816827,69.76814126037132
765721.1781507166,79.24238528412826
1442993.5856334558,30.82477648878737
39435.19941649295,88.18012124850773
211978.1129281692,76.84105451858424
499777.54993615823,69.60265399605578
105883.35311598668,68.61155324588566
337908.53564380424,76.4286019053977
22117.497622762574,80.03001794896657
226390.9452208049,63.72913146897456
17716.836210449343,54.22590303426868
129542.91053407465,77.74362657315204
35676020.456058465,69.11470052488262
94067.86375588842,69.35721698576802
259116.76482632617,75.13443744603511
43596.60643394687,87.6050025145909
190297.4503031124,82.11654098954229
193022.84354783245,79.3801417482564
486829.15128771623,70.58910529575449
168251.59272681607,91.28525035546356
235833.56671768543,48.570281818878534
177118.18824944657,47.37217236993826
738091.6428262048,83.44241519149307
501565.2597472713,86.56519374978562
162383.68351894303,77.36442142861024
616423.0481714791,92.23421810631389
171407.83986039634,95.049559307807
71246.4996991657,83.07642777267922
194368.92093336664,81.46593732167112
27205.770608423278,76.18066814714113
245207.97845586087,73.15490832740892
120758.01086987113,86.088655156457
476506.4257908863,84.71580107946845
366657.39050728676,74.71483934995251
304092.7611717386,84.81361361210926
419673.2342447996,58.65757149967051
91863.93009321089,66.3287727583369
47875.47069749411,63.83473773382519
162339.29091360653,77.11990363306394
737757.9787439628,43.07412920550924
175126.87500125438,68.35390156054707
102806.41009249655,75.16318026740511
229872.87100738916,64.6440084363171
68358.30802102084,47.38892894142944
150792.50833922613,60.482752387483444
383224.4123727421,82.794268671941
28507.264703944093,75.51333898182929
274436.7380337267,68.29764020701764
283357.60189103335,77.71695435615159
222596.31831524777,74.4749610704139
309954.83262201864,83.92619314594585
181639.03649221326,81.3826101608496
1454208.1453287713,77.61928274244255
1377776.1873015217,73.92718209329722
578120.7872763154,82.3446285595966
470442.2809731219,88.81706687589592
394929.36299938534,61.15783367221296
612910.3710190159,72.0997787830996
114623.3563922114,81.35892777931326
151545.94869359385,72.10889555009281
258037.35448154307,88.15648305276007
66514.29761324625,53.731679833521255
337993.43320194015,78.18040830994957
310495.0785060304,69.66974899991058
1224298.5611719508,88.86835853206517
659230.9627524988,75.57167138931722
112637.85586663813,17.97740651736038
194903.210796303,72.78471265249485
209212.078217578,81.9334721528239
89068.93105672358,45.6478052353518
139634.61154419486,62.69262787985783
675235.411732497,43.857606491181215
54816.576425501145,46.69172070141585
1258355.9861995736,74.59519733788642
183142.36351605575,87.44007256968797
320096.71179676,72.36950558335533
742358.5510226948,84.21033180054575
199873.2330088634,75.65221717732717
98691.10881783499,66.71246118707228
903191.3225614534,88.62963902934116
101812.69158536091,74.61264960932743
200896.10019065277,56.55332484702237
1278912.283055277,74.62982716484507
217288.07266864367,73.66022387674604
210768.15790133888,71.42317158721728
80155.65851631295,37.944702338494245
598816.2521331693,68.6297794086231
81339.34068085998,18.412760399649258
253490.99099631282,88.26663889226464
189858.98646608216,72.39758720728808
96096.01714912255,79.17498250114295
15779.035100901732,-3.5513971723454603
167726.74321184307,35.546852398099546
64453.36789985327,89.50178511453097
777604.8241777864,86.16229220532327
63866.62820615759,71.8844262005088
184939.63141198852,78.84657798510075
132902.57791936188,70.10445282792291
200569.35136926547,85.4196715119389
138305.42445951793,66.45549060164112
799519.4820039544,57.5982995923141
162154.6516378785,90.20023846631734
144158.47266499174,76.83514587763462
126046.81225218158,84.04753567567461
116290.04465515702,81.8528558233294
1022511.2882986799,65.17179248260038
582220.1272578478,79.38811767075889
414342.75807355216,58.41936454381274
103510.23996776366,75.56575351586716
560672.3479912163,74.9024560585209
762493.3325389564,25.109361081863504
427000.15782488335,76.46709498351862
981812.3983003054,69.08746601293862
177584.23314450937,30.446528178664217
315659.54024446383,85.74641108234516
300557.1001495508,47.12534146297684
106816.30586810759,81.05469060507502
110244.49871580931,44.918200315724775
1133621.0220629033,71.5198740321202
89120.14816567663,55.83134652880378
62023.70449305745,32.11032612282107
336219.3195148206,87.74476254015886
85495.270376447,71.04441601142506
59242.401313298615,87.25960018191283
183822.4914254608,80.08550112596821
138439.5155853869,43.85686238430814
647316.8581515412,83.07801405559628
525330.6534600785,69.27649265066889
546648.2614559071,55.807040987272245
50652.971800195635,54.437932463856995
371314.6726317238,61.674508310366534
88775.93106908095,40.32649519551063
869053.2544625696,86.09137083183833
107462.52122106403,45.48172411477655
348161.3787389628,72.69725336181452
315907.16142483056,69.27018945669795
54372.86210198735,12.386552020631896
295559.58141549944,82.07189713306177
212409.57307495445,57.50974665116691
39660.313706117566,53.7150327163069
33106.57127697149,69.15728549774042
246141.4211212406,87.92863480452007
460130.5035571925,84.93413971796475
66459.41861806076,42.324081105109165
996020.1444499843,77.4676253710599
218763.03028574085,87.33678231071453
1236902.8208058528,62.01389204741098
878861.9078125219,93.1143394166677
346410.27939198865,38.213849368446134
119322.21554049838,87.32395613448985
109441.5321601769,82.92917772806094
314758.4909231488,39.161579132132864
934443.467962871,69.61931559036678
572256.4298272439,53.23107696984772
823767.0342204693,67.44552154927067
95894.55005990772,68.82225156622438
242081.91186838818,26.528640505980157
38539.04760282475,79.50184096428285
4514761.184581522,74.55396463849051
67589.12742164254,60.911912424129966
676326.6665490047,80.35564883009707
98961.93397577677,75.38959173262539
241571.48183849873,88.9015325939617
383286.61036338797,79.12468630072892
29657.822751592612,50.9918485977595
500037.5983747189,77.15826850110324
32844.806600743905,88.0052376468569
101328.10420319135,73.73006353321747
66472.19801573595,83.72383095542448
291101.83119270776,56.981727625450105
77480.50693309226,64.9780608476382
188394.07288822753,75.94200101902528
2275171.3244725913,77.84066152703824
269217.8142102028,75.04175930054171
201721.2984466278,55.886694035334216
498884.541430364,89.59077120094727
205970.12217205006,82.57212728920304
535185.8829209801,34.975947609859624
78590.87987965578,85.49325038574297
11233.77706688689,81.50983957546018
69298.49773794948,72.96218943358404
111013.91407089424,59.7960592413382
48128.27278398827,46.08952743755146
564488.6699362098,72.254886163728
81448.27683480945,75.46138352254061
166041.77494437015,58.45239556054264
1136385.268121136,71.24645354741178
99368.70946771326,87.21341272488634
306568.18394017464,78.03791221920825
859825.3038770299,74.67340847888836
234023.28202423267,70.02788204770854
418396.8627005714,54.484036924752175
52153.97038176062,80.81743742697068
271949.83443259087,60.13070616356454
149348.42285608186,36.1931055997505
217029.9758321999,81.527020783484
123282.34903294384,84.23466747866578
198913.8861834245,72.66640408824901
54179.40542304027,80.72333351307597
418203.5938294764,88.16204682963998
292738.95204871136,77.56050610053218
4761213.0389383705,72.95897457955243
112013.86729205481,78.2319379598038
138885.05559416674,60.47998007366625
383888.37622175005,82.7185532649635
53907.12978811085,80.90943424510742
844135.9867400798,74.70038321432676
49901.89821328723,80.2425489745323
142477.74075956643,87.11234994450051
11027.388435192057,46.38910598465249
93172.88334971655,70.26901328380157
120367.62644068454,88.39796659716932
47211.8745149906,83.99776672145842
7795145.967271738,74.35370159534209
152845.87004199845,71.78713511450471
183942.70475631335,80.65859042280684
301190.1495616464,69.66937643632596
456377.9349221474,66.46504954740139
1396570.3238981678,51.5050702751847
48390.86093025596,67.4271625577662
374828.1133035399,60.18251028556345
86935.58318304946,72.71783088863768
314073.05191016267,56.788300872371735
806187.3067705609,67.67056068301972
403570.7409387968,69.97098329423827
97443.18017584982,60.17336535418755
226896.33805389062,83.4958467317385
53296.31348259584,73.37459754145576
242536.56422416342,59.386654660595816
1000690.8236503316,81.12734149691104
254550.24850510212,72.42877871334525
12208.904512428213,75.83997724597535
97520.23389740277,64.52681737374142
127976.90466924966,78.999646099564
613005.7462198118,73.50519611360798
1292630.4947325462,70.79955256461388
197959.34321593773,85.2162088645151
100593.41233790689,77.66245480830467
287952.16049282625,53.78624790391268
138489.8055992606,84.41411668044012
857581.5932225181,47.77100651160981
190416.16887767066,86.74159664118403
1119527.657684613,67.78444479858803
863905.5342201696,79.68319549969797
11319.74051668914,84.80455109222349
742388.0385236187,76.08865695500167
209404.44424389023,39.57959149787345
259704.48476008943,77.13589957644591
144446.40244459175,69.03627869989836
22930.709926728625,45.76923963545416
160446.4824850352,70.0141819413027
243279.639192975,52.390357428082716
21485.587939310237,58.902743632649496
10589.404192624963,73.12304885086732
1634002.7868252303,62.768204533614295
144882.522900144,63.13549024330693
86869.36775264866,67.07188829809843
173206.79058282112,69.07303448186599
500985.9974242161,76.95041183104699
1050671.4611651958,77.76537487615738
121770.78886773472,77.24489810361099
1064687.1630966472,75.16654528953592
167950.48936170305,69.75561584560215
169234.0412376722,75.38267874515758
25779.736922850134,57.027496382531716
135596.21586539736,70.92677197599454
41345.37389996939,82.91713533338039
199001.39022393688,73.82190996155852
1312676.4133418421,87.41202140281587
1106985.1312624603,56.69633264714304
457216.72121720354,80.06022776826134
72262.50085482083,87.60504841217215
503290.32391446515,74.75301252203892
269151.103920195,75.55906143364311
381531.64938398346,78.18518291172822
22114.21699613065,91.23009391234605
218934.3306475213,83.10884167841816
992466.5864185913,86.17522747408893
27986.776660710922,92.52638469687521
296842.4837541664,50.354539201913795
1030016.5703379669,88.53504755388164
132408.9654308135,91.07353398930664
487493.0830683446,49.47490577240267
183042.7064624302,54.421596033628354
2513668.853703492,78.10928568399704
364140.8616810702,72.79607812736771
46715.24064681283,73.798300922114
52914.404132757685,84.58878283493665
97952.1308461359,66.19593063722141
250840.65929691505,77.18650372480715
238790.68773067126,62.299195751800895
844505.3954951436,70.89361141613831
76050.6827350941,58.04446556559153
504386.99549391225,75.8556463619432
673893.0637993821,82.43190400378568
360233.4186624567,68.79138013308821
387653.613373947,64.73921874646628
327761.2102232708,64.03794181208819
53446.2744668565,65.21615645176269
286707.6444053997,79.59846721370788
104198.30610933714,71.75849215210046
175153.06432287686,7.408471870526256
512624.00083445443,65.89806112791102
757276.7263861176,63.91205488123819
245636.39936479856,49.1152207771496
501084.1808864329,57.29216650966416
18356.539914363995,80.17474424485097
11325.372155364254,60.45107690978383
74603.58583596058,89.17738693251995
790537.2761572128,76.34460956048358
26884.721143146395,77.8372795330425
103844.76945932477,69.32840064687736
191442.00443888514,68.75171626486375
76603.72103519936,76.91022183650962
71849.56619865866,76.10661877593037
61328.56962354854,93.54161913224556
226949.48297566362,68.44628984143336
556441.8383690963,83.67522614471663
122215.64980002725,58.342336207988566
535622.6364318548,62.93940014369959
85648.56667846243,89.63064911537761
158411.71064168727,46.80186471319092
87317.88409318519,71.32277779192916
30733.042161379475,82.38637060700964
975800.1807181664,65.78960376970079
168481.9300316287,80.89032165352505
539795.8885529371,73.11455931738708
137654.69439349358,76.0708635674705
462081.73353103234,64.66939869436457
203699.03349839442,62.245242500116284
150608.04224502307,72.07296961780388
617422.2072894088,72.01794961170506
75896.83890142129,86.07680564066071
83851.53196248412,77.77387581794937
236648.43610037747,76.87163833039996
69271.60848471499,22.01610442447879
49357.409916567034,58.095049597300644
238603.40704245283,71.22966483454212
809860.7806786051,61.099958048144856
65169.051072623115,73.14346376674976
177577.463339958,70.31648381313101
80434.61110542575,49.57028452337244
442755.6633293723,68.83065433954559
11881.465058008209,77.84078904736975
370318.13149439567,97.43530835763838
28562.66129564168,80.13037099883947
245265.5441471287,82.27048676543772
214100.48635229433,68.79377757083095
565805.6359555215,87.40887078800708
229767.62340028456,84.85307302853315
2178367.034009361,82.09326894253452
591130.9655931649,72.27560720242634
244188.2517527719,69.47397007830112
570627.0421944308,83.87380133833209
1010623.022692436,51.97468693109356
211835.76425222727,90.99680971065912
18020.961650759913,85.01015081180543
126191.28321030212,87.24291395903508
586736.9950732029,90.61572552480189
314629.7463085343,85.21324698734635
114802.1785869489,70.41169817043901
227525.9233982591,61.32501476181535
201705.67667858407,85.78738027916538
40855.86169195047,76.52606132546961
49803.89118764398,81.42208040588858
124494.95597479108,60.338402128299265
1077091.6819276428,79.80589389418328
444457.1317807591,61.157079475634674
302800.46114168083,80.93006196968321
157942.1937762939,57.057863687960186
469699.309491577,69.2530176740876
97554.55608009314,65.14166898072635
21934.880191044067,77.35029555684673
210665.95127126866,64.99773697081015
121162.78273351397,80.86801318403872
290841.8017438478,63.30337138954141
182793.2693199471,59.47281037329469
54267.82263179298,85.54642065140582
78349.65177416243,81.37039163880327
48917.20544174127,38.95443450204862
93923.80974102952,49.73478979811012
67074.45734879829,50.99421746640078
57862.20996023819,90.06762886611573
85198.11593150115,57.581167835038315
46596.24445381784,78.97812530080189
188659.05679057084,55.660117175816
14685.820995820686,64.40839000219358
456355.6235793348,75.13813617257594
53581.44813733082,38.17618581869454
11354.733702162514,69.16971924773067
94490.99594293954,82.68921017754509
118924.38166047074,91.426367807866
337641.077693861,24.36323934897397
73565.46687122283,72.632396074792
68958.40647838567,61.231914315314526
411011.1233901462,57.14963152163494
108402.61566674535,82.09955296305962
74215.34506444586,90.46815130752022
342451.9239879439,60.63912169648465
42588.37246726523,84.94524675520901
28658.24184057361,77.06319909303468
341479.26394369104,69.76681173495089
73780.24229186191,70.80862368599003
787521.5357930666,77.84436968728804
245753.60051062866,87.76737606010059
411405.45063908806,54.87550059584194
135556.79122904222,71.26197037095078
717986.9534027026,67.72702362435192
136381.8269916937,84.05745568248355
260189.2728492238,47.15931513712458
47267.32880817028,75.92330397221554
40495.00524741807,87.46301738394175
504549.8475916983,86.10527267639154
280226.7543336996,77.7934037578362
349414.7043359508,78.82532787529617
470331.4587972063,86.65529132352209
168414.45711905335,73.52134440636834
114188.88465734897,68.19818937744056
56391.226551724714,77.25969757847732
29240.042372303666,78.45614452110989
27250.666444002767,76.43868474583572
1886691.0945547079,83.2719091618254
313658.0740968054,50.43910819466821
228072.97769825486,74.58960391534342
90253.12911917653,45.84982074828495
93014.98148992471,78.56664267055824
334959.140954125,76.20828596947337
692854.8063536166,77.74497643418539
112960.78354213922,67.72084681718314
2223561.997064426,92.3171643665498
181977.53388788528,73.80560661150774
499842.46651085664,65.1290361786668
240368.21620557853,66.51703277745918
13350.381802171352,77.68533696727212
161108.58750000445,60.238359044170906
60837.88508330716,87.71577793089102
260872.39799453504,78.94177290587183
533159.3340903545,67.59250263171727
44487.96325114253,60.071191293283874
74963.23765327455,72.52633376063491
66358.56910633727,69.22832363407014
32191.554489294183,46.56426696781729
1123065.5150417113,40.0270279427639
215279.64869426005,77.12744427622019
248585.3597823989,71.20470271695787
2137767.4756798744,42.27804500404249
724072.4529398835,76.2574728709546
197299.04402591835,78.0334487057325
63926.02022172848,82.59520687173142
524755.8060678296,81.58891803921769
297892.747039214,56.912173875979036
785672.4652412765,81.58889564558118
257525.37929780397,30.37061620479888
2173315.3037770977,92.5748713515025
105197.4733849481,83.85413801043886
73970.00362097728,83.16498773507817
581743.9926510054,62.31959942684165
204102.20086589037,49.5950365322719
151024.394236865,-11.252132889204148
362581.0687243183,54.527782990942256
36313.59337198653,86.82662626289992
52083.26010326063,83.98363612942008
354775.57093508693,74.88329106158317
586909.0441529291,74.66658716365706
210260.72790996486,40.03234649865501
352821.42555431335,59.521528855786954
59637.715544089326,82.43086544687435
720529.2779000722,83.2508597578776
62684.20930464077,63.513957133802194
390771.91457008675,79.18018126133244
231976.83459308115,64.40999529444936
176083.12905891764,63.61201681375268
130380.55861862958,70.49531511135253
110786.94067256595,91.73500951045757
279237.26079183526,81.04159956548266
45663.43043402571,55.32675520774922
350179.96554146206,62.970034385747205
168075.12271755747,50.49448197756416
116714.94795543712,70.42653517228023
1277181.4642976853,81.23428503689664
33047.06864902633,75.11907420160932
1965299.1466108738,76.72325122734088
249271.52095509286,65.45653528584549
74203.32838376239,79.7068233984297
545539.7455633126,71.50105496031892
492346.6576351259,78.21461268909177
1683911.8277914883,61.48737727501986
2987359.082314675,74.25028358727522
61964.004251906415,67.16107038234652
222302.84842677182,49.37257684799235
429070.290523199,52.67021069847606
265170.14256081707,44.8763790985691
790135.5294887341,79.91160347836737
374312.75057166524,72.15702224621732
472800.1932400492,79.27546240497594
838869.8913555652,43.56779078364853
105230.52420036006,23.590193523503224
1409676.4459142429,76.77563461179572
127631.39688288048,79.82817608211295
893618.1185681642,69.70501030540244
444534.31516767724,64.72274301202035
43939.95971461816,58.84060828482003
20340.389170693466,85.68781867711795
428197.0165789657,61.15405168436338
1980581.4679757021,82.60510581545338
1022409.4773280545,77.72065372195759
1826764.8700180077,69.34442262068227
68572.7080700025,73.40129852368756
392319.9254395106,64.09755157629267
45831.940398514154,66.64589260479117
1133543.809523594,88.10559044591398
61975.571238753735,79.63173538610755
155342.7973471966,52.01956182638432
11914.04176575446,80.13795550818867
292738.4870423407,63.87504926914739
138888.65389883018,89.13172812153981
527991.2886617504,79.37515602921702
474978.4478412309,85.03941775823752
85198.9302011379,73.24364817712168
342352.9384860981,76.04037268526469
80840.38894088368,85.53327191524826
409259.49894913763,67.14324017274599
467365.69074572285,49.600628802548194
291377.9787133576,76.22058955212194
332460.18477520766,73.04276317386059
160426.85218968196,43.602237072320186
2337657.077896248,76.12401170294817
296889.80560640397,68.7422858937253
1147470.8791260151,81.7924714192686
529908.9352930448,74.26350840241395
15903.093596121413,66.36189939091403
62222.25766279397,93.11879581174635
466208.0367883431,66.93568676132847
76332.61185896525,50.330413820967394
532649.9959634157,66.12902082667995
569253.0984525381,48.05799782243272
356811.8433277934,77.09298477471408
956347.1989339861,82.4008687928998
709221.5583832593,88.11738698705514
25172.303281835862,62.99572750466071
24098.453317790176,85.77530720375844
37357.4523153808,80.23042791001048
20022.000180054805,87.39683628034376
78724.62912932213,76.74400403847852
15017.76771770278,62.66300085556299
46525.23809408664,70.40101005114086
474227.8932895238,70.3984422355711
760010.9056799529,81.6745794156762
556627.6914625074,77.48890658381568
621187.79067011,73.07612273438023
55447.33940246445,64.18224934464399
83695.49105175224,79.29110164919837
78504.10816225084,84.70407660862487
2821727.565283954,44.42634745279785
340069.1861020754,80.79743842279245
783186.5604471461,70.69362495159665
361926.175392987,74.81650023367384
21316.905003130203,84.4340729360837
236033.6664742995,61.369138302659294
885105.5679340683,74.72303768045822
22510.210816945182,83.57003524493766
256588.49062441953,72.49175782618542
10118.57960687799,78.93523749834654
233589.85664963408,68.66117918246648
219596.9534269591,71.22896715336975
1931262.9631550885,-5.615610820428557
68427.2701965333,61.12665885843877
31629.84908616054,75.73866556584943
177415.10349825385,79.07105430762299
202015.75817074103,42.96885886734127
162119.11630187987,79.18350261504243
501488.1629499785,82.87575861338259
795321.7969711357,64.95680921125283
243344.71796804306,71.54729994967404
59319.69163223845,84.669303700857
404187.6219070087,78.51670378784064
203963.72231922892,86.81911519941768
165894.10526444612,82.07855312922376
1057309.4275644063,74.28893674856171
259874.56689862,74.48386282502783
1179556.3107606089,41.005691504252376
200424.22827756044,81.68506560923683
189358.76093361282,42.23929538134197
261102.48739937134,82.633631779282
58279.774647366954,69.28348405936944
645430.6655303953,75.84680440395908
14596.099816977163,76.57028597502521
208954.0065673408,82.76622496804676
79144.82282071689,82.59717935135814
1026023.359427641,71.94365594523015
26808.77134431561,59.81081841440634
416590.83245707455,83.39649058894814
126610.51766606467,69.26163203275867
21989.845561018097,56.444803474583594
213024.92346082313,66.09434193794326
255604.75399433542,84.11581304506589
26870.713993379963,96.76749802621629
1741145.114169313,76.48601111743328
122420.98999481567,72.81712997610231
47643.59973894013,42.84223953092106
298740.79022608977,58.15899130424024
666995.0845415347,78.1916175337194
562163.9158750753,87.34384927046952
192274.5976655595,67.41288910834203
201064.9606932914,91.58278159169159
91780.80113135895,62.97708379160965
134411.18948597717,52.372983259302984
69308.1212831887,71.84198176072512
41646.87603794085,70.19698594078784
688223.9873119242,65.6485212844772
181268.74769335066,90.44135743945243
585007.1468077648,87.85356766335917
483771.29055891663,72.25695647623701
182213.886035359,51.10191048855451
435485.24691842205,69.91270389456017
47756.12295601389,58.03180856492474
89997.9486764553,89.70181587699291
302665.42635189043,78.35847090140689
239047.52348258102,84.87559243803186
259743.20018880197,70.19874051370475
613375.3414135402,88.41526906306032
173175.4485300011,67.47223470501706
10516.238189808093,66.97513295706794
70719.48687411903,18.39687808028758
75985.43955306581,82.92898371489142
138015.78234715853,76.27299796074097
349705.07233565464,38.483693535793996
110312.369760431,81.1288731483578
90994.1441831009,76.10194306766209
1276618.3189211232,63.999034862347344
337533.74640654493,77.3228844460737
77437.52386612818,25.773366164298217
111375.04959672538,67.0852161852585
50349.53814456379,53.40328168186292
59683.2794675054,87.2537636278125
41347.592192161246,81.22353019459798
162091.04664392653,28.911511207740887
233942.07880282274,77.14830907156593
615266.6326048035,85.33991515860453
247972.20713049476,74.42508841504716
542743.6281184902,69.29020841680033
13106.210316231707,83.56709717085945
3049371.612394009,86.77090907592552
483579.2164551037,62.3745523943187
228659.84311359504,71.12894088968584
93750.00573703053,80.84148583815055
1206496.3188475259,54.953088180828324
58963.5489988632,84.47218487580685
10354.948251844267,63.63342107102158
557505.3578511138,70.59582742002866
222838.84552616754,61.94500017137475
199625.40534654178,75.64631560569612
646905.5076574126,74.84817965181391
474425.9005520112,69.83925043739404
281136.6035202424,87.05217831725265
407514.2895489434,79.06213023584121
57561.35538096866,84.99849272005977
70977.600241862,64.74471773371101
476153.9260782463,80.99812958404016
70686.17726346082,66.17380681935737
74133.42596824514,71.35909236529106
30185.41298833443,86.60134968159512
373981.5007816601,78.56022231517863
127186.36857613467,51.13886798033188
796354.7784735757,55.410840066926575
54039.22973743593,77.52852457502715
206852.02524399885,76.43040144335428
469719.8687019894,73.92268442777817
87121.51529066951,79.10103899628908
13264.545519583393,72.51793005712751
100171.75334273011,65.63656309804459
425262.4111773934,51.14688414563422
326392.6773593449,78.1151054975641
51635.351817632676,73.44295532618058
223777.79373834108,82.18099212540228
68394.5821480403,53.6405532828512
317156.0629975789,48.315383545799946
458971.1793040215,70.98433797810844
12384.852057126584,73.37263481298889
59417.76423012186,78.41576282804887
165063.41306534072,66.73893994720157
40531.48979309609,39.579765100050295
14053.671939114109,87.4590368165448
95805.66843583074,73.6414666400873
839019.9194604697,75.96709029990025
215207.35255467985,75.27658858555853
364142.1469452864,79.84349893125176
153585.78506588168,56.698892159453614
56299.830316471984,83.53048982367127
49252.220589392935,77.93821700207835
99974.86889201333,56.21422749650747
191951.8495539435,83.0988136876082
108476.24720305437,65.02648395894674
258429.2093160057,63.658488483108286
59683.47164600738,55.963852204750594
60239.91253034235,78.32627825116812
999464.3245767689,73.76675432302142
466999.75588899676,77.85244800317322
81230.770875482,73.95055096505578
3702804.3362356,83.98254295115156
764689.4676599203,82.58605142092472
631150.4165716955,72.30490603538028
165446.37995206437,73.0545589872268
329549.3542274389,75.09974874899144
313782.807870765,67.25716057506062
548206.7743061763,67.96916114957523
112517.14769230364,67.22177072845156
40733.73498533934,82.23927873131231
19929.034897561418,75.98854586848626
113625.28151319327,80.24015728039652
18716.003258329118,62.98527500164792
159414.32493099791,57.52187435364095
388919.9690815775,68.04061463060026
32695.671999556012,53.97246384535431
948551.7422212578,78.61020268318796
127957.59048907936,80.52591642202057
27038.481878835126,90.73027091423045
1667052.9601150686,82.56080300120252
321388.0156040264,90.71022599849753
198498.21573304944,65.69214186856777
28313.46204879554,45.18876415375461
21180.521574432845,85.19972871901585
247067.60182142304,74.35105090625436
241290.27693284757,91.9423744072884
253093.06988283305,66.6606779047539
713898.9596724958,70.57469561581209
417605.4056938131,42.686218980449105
237378.88218589348,76.8379031484034
102457.09384897305,89.50492045595202
154050.5061342126,73.29783000133604
291752.1396432449,83.2354546869292
174446.54691594548,76.42201767258001
342966.3099022396,85.70080587201373
22018.816435248358,77.08587985094873
481346.12845929887,66.1363636176786
408752.4443670608,76.00138110348271
90716.715516811,76.03532139135885
63863.07324443851,85.46143720272529
96063.93763242953,63.23676006449821
255789.1933938237,36.23262152951541
226779.86296135036,68.1808756244447
161925.92216398497,64.03726833185628
58240.47402880364,64.93369802886653
168247.76726612775,79.58748444782098
145085.59107998502,80.85725669904052
29241.96710194205,71.25649987232607
246361.41184671014,25.6676799575582
103528.00515033957,81.6094584263297
288750.9851322537,71.2742387944443
808444.4124285203,78.87516268112223
17881.732506682747,65.91723839179802
572435.436980185,75.31532094866542
76174.71339072555,60.87332373653283
109631.08852863195,78.70141030146843
770935.5614746254,71.62377900754069
574025.7426484834,83.34852363887693
169889.17396032135,77.20570859151184
30890.295279090875,75.83259340247545
266804.0304085886,50.03333448854409
15365.99605373817,58.79262279726197
206190.91702820105,78.57860257120699
995862.564630549,88.07412930558036
598851.6236279936,72.83537638554192
154367.54533132922,69.15155951250898
234895.21535255422,84.8441496759057
74524.88778816827,87.30719283403438
71409.75566641823,85.86996725301874
321055.33615892986,80.12002593104637
375680.7814449436,91.43031047130962
211696.62138850614,48.17392183513413
621118.7187288498,72.36400594077084
358416.2405374957,82.80749945065386
494684.01927950524,92.85526955448405
493541.24664676154,66.39114155176321
369394.5277822957,54.12490966089436
1924420.229692765,79.03612786743606
607324.9476323292,45.49749233178676
28560.558938127127,69.56649244594163
581229.5954935768,76.30679371579093
163727.37040031503,92.62955783795722
444164.3798134901,73.94973564755362
1521576.0695011788,74.49047181938752
155472.00192167913,88.28933549188535
21019.10760177567,69.55845863433748
34624.22249712341,76.44107474202785
33171.6052665374,53.130451446093765
15360.047458806424,75.2819487912841
129798.51336381608,77.48299605701725
353406.06507337803,63.392468245414555
912187.3706736021,84.46734575124755
47100.71772217564,77.89794486575254
359887.1191827196,64.73029499093862
86004.88229534123,83.86745711876519
305762.9824931865,49.44555634631706
257716.8156428805,51.09841448868893
183664.51931419037,27.04267086252095
722317.8319693921,67.95085176026039
815828.6501317691,50.66550829724856
149672.57905989606,79.68639470990094
685562.7424310268,73.70822420539851
272860.3973123436,62.39021607719229
11115.825928122387,87.56420032953294
144100.0493465315,70.2731838575064
312370.7519583155,80.37983239626195
130260.2172513901,72.9754768127554
138392.42217278597,87.11028120242324
124690.29242516658,52.99013311693785
939547.9184808404,72.10785341872274
28884.664734183578,84.40097017746164
686855.7713542305,78.49683347561542
477158.0251977359,80.94470122381196
182430.4326567595,70.97366640634533
245385.39247660944,47.75453764745609
25031.43094105483,83.7916763786182
244595.2408082313,71.93307051732681
1708367.755099901,66.15510963853359
103483.60528747493,84.36899033901436
56195.44849169464,73.41151689832193
53719.92662376072,71.03293564087299
465938.05280525854,52.57704264877433
335687.6872514285,91.47140950865108
1096853.4712720537,71.90597209967474
100696.68858978688,78.94672531051283
686853.6544473899,59.73691971271802
368727.8756245269,85.314899370301
113283.26956566784,85.69178399901593
535326.3730969458,70.13304214131193
70479.96192427946,79.04685706877609
67632.0532118117,71.52292178293501
253586.6116963972,84.81443203343922
638551.9937598124,33.85625267738729
75421.60553099774,60.51940476679775
81055.5493588812,73.22408913609515
690318.3415242507,64.14343369372847
1205670.6911380119,73.44508450240373
677306.7848233146,75.1801219887833
330179.4123587286,75.919334627586
12590.761213424266,76.1244128264563
184185.369560514,54.972730695719754
98723.90648769203,36.65503594139136
131125.56847536855,74.1725949671959
158254.18331542797,64.57364363883514
100440.91178932681,48.55812960740601
137473.84270136047,89.08846890960376
550468.25818717,77.00157664497881
350590.8520526078,89.50405858072031
496339.54620648,79.20561962737087
52074.47380936856,74.40297396072785
960394.753016469,52.205441667244045
652517.7946453776,81.3988839713126
157959.67004638386,60.23628329829602
33779.57341064315,73.09987631746489
169706.95729780884,70.61130410947052
222228.1671547203,69.91415982886839
72821.82646963652,80.39731950780887
1460487.696735749,79.16292300424114
202494.18491265678,60.31265023526463
154416.51201117423,84.38733520153384
874799.648959177,76.49779517419054
58498.337165453006,84.2375108991509
549769.0737527983,78.22378242169391
57234.6184463551,68.92382323786556
113895.39998682227,59.0281896082665
104137.15937016136,86.76593923151454
15211.425081211259,73.10803688432708
650918.7769807883,62.54610659268536
309495.42039933277,75.6712217689362
709435.3609341861,85.76340319750797
133860.9772278925,80.57632941906381
120669.8135105694,79.99536730512084
208273.20957841421,82.25944924624181
51296.476646570954,72.47590882314039
339308.09143672406,73.30111820219624
1101311.431755526,84.50861075861647
79004.08873548685,17.45234740804011
15439.976338629727,78.39690593008693
91978.18463276408,92.70520071963065
23115.43188753992,52.085710192165855
148150.1237701713,74.60269245782213
301047.7266901176,88.12525925351893
100373.15212103724,82.24914098038424
14004.364865402458,92.27257380444318
555735.4092410702,82.19588744228668
2688224.0511771217,36.856788000172116
81344.46551935247,83.36683828797813
188678.43046170636,47.73766680116196
160273.65191874478,67.13081706498781
276956.2467311139,84.34869875790649
393377.6398170694,81.66966834488846
490895.41703610227,46.11630359590004
2108669.419793572,73.53176825392694
134318.35599958256,83.96122578762284
384873.0418012496,70.4438314538672
1467669.4454197944,78.74106757786905
75955.5617754265,11.726544386324662
1650776.1044646427,81.95872010040502
201889.31482096436,66.5579742651876
1534614.4811561299,82.50666026408932
99815.01465632755,71.07854580151508
184931.88795985573,70.66503236772101
829814.7165294728,87.93974050441945
67824.24642947491,70.93248751721049
192045.016460089,66.79731301260796
132237.68678549747,81.06690218705738
353152.00838592916,54.87593917867338
186024.96634400403,94.26394407009259
466842.31488462386,78.66318724492136
41407.99636895722,66.35673006214316
179193.2533552656,79.95344136715198
36027.44300463016,90.9531169241696
161349.138557915,76.46619728311008
333412.89759887685,58.26197192683799
259588.39605020627,75.11090013542228
60587.10367970599,84.87003516951266
214883.37806098373,87.19126352313455
98796.31706472393,61.56920738336066
2091677.0790424678,82.74999489417573
147562.59336297924,52.78069798301514
117983.28559166729,46.1067418763331
582151.0084826039,84.66711392306819
66996.74441784795,79.39141057665626
97287.84449946065,56.065359504794216
246145.1382472188,76.52840449699448
23015.00060897309,86.40686119758686
1404145.0903500444,82.04344586327872
412323.7291640319,72.4023307571677
124790.79038764478,68.40808010020783
148619.79106627568,68.00139733466139
14381.475948345265,81.49962884525826
236535.34285179514,90.80316116778188
910115.0926204402,77.59654346008786
616787.79086938,76.20174783159405
367043.69340583053,89.2023261271943
73321.9948627376,72.32165918058493
256799.60584211245,82.68427258257198
564455.1068046732,85.9801025070671
491132.48399689293,84.57469597498377
311881.24901273625,92.86424670159337
1089724.2761573996,56.344273854639454
174313.96078779513,63.4825473485957
1468515.7294561928,83.82744316878477
261668.13831838348,55.367638077841974
276438.50838713127,86.15068668518728
321813.2555591912,77.50446002797702
816904.8674359176,74.4180603045155
103331.37714389351,73.17246927361546
897379.8705190719,59.77493707485828
171823.02863189077,83.24988395489311
322923.58527392615,84.32082539936462
356357.32250583963,91.35760743144449
16758.439809508272,83.45842687481927
282600.1465452678,74.34302337904523
230056.78673834668,79.51650637151607
193192.1094986425,66.85391334268355
32986.57206335815,63.918157387704326
182129.61523801193,57.00841656136156
299171.04633645376,85.88590475655836
443406.85844398185,61.423610773506226
216371.68054056563,77.37906290183983
37824.847397306934,90.20566141831294
131904.19991230092,84.16609932091399
316802.41678837733,22.75272046479924
973942.3724531654,85.93380690722792
146983.35542911908,60.091509159024504
705636.6254164918,64.12008463015782
243806.7299325373,76.40254309761407
449919.67089261103,69.1479512048732
1056049.9577026023,53.14002766298693
140082.4976637112,63.0961760313625
114200.09464101784,86.85170352412183
104560.5213690172,11.813647857863003
189594.231224139,84.42718921644588
198190.83598197578,82.56971569149607
250255.31401985115,76.29005581491387
632461.1300699586,66.45331760845852
416936.8456025367,82.58714511661319
656254.4283945643,76.66278604486448
10528.749828209402,86.58782474899998
178753.64797961188,69.9136641196784
30872.869952819776,68.70310688757043
81446.98900846206,-35.168606686276604
938699.8753391664,92.18376323455259
138100.0860930857,80.3779321927576
204090.4657280005,87.50799164672301
100905.86067357298,77.07124056863591
162982.4045571325,70.22008863443415
169308.21251578594,80.12171134424021
370227.35426322,78.78948167574494
93414.21627071779,90.8512269687105
475671.8903733498,75.62427266392854
49905.82628002181,94.71639431786397
221460.1313322594,88.55740695952208
47378.05610030051,70.87039936366499
45139.57771710865,71.95809569716313
1351722.2741414565,78.43054591204393
67017.31456148822,66.4842007568388
12255.89963709691,88.4888178641694
730843.3427658858,74.02651080731998
1210433.166941714,66.92947553752593
105976.16337476927,68.39751470024066
430584.1887093758,86.73907354795477
27771.88131970854,56.94245738154704
196913.12148653786,62.898469078514324
171267.35727717145,77.48709727492692
1038892.3911532374,89.16820042191796
413790.18320038693,39.27499646243466
118517.49963765952,79.61106383420508
139415.56300466496,69.15822855666605
724175.9508094263,85.44710765536647
15162.234483329812,75.41993836085842
363017.0671427102,85.07508469806615
173406.46468784113,72.55083563116261
2648415.372663913,78.21773391908188
193764.6595400403,62.16793190267357
41006.45672648272,77.2568974054827
602021.4786250334,72.81584056575306
160567.4378694346,65.32693266157678
44382.636008374975,14.69850247546836
21165.827594158123,75.86456793068729
291642.9872506928,30.26171828991294
1781257.2512382194,62.291743159989934
206179.77160479035,80.77646457149558
284784.7459586342,55.03781400361879
579985.9695586629,85.50310310971025
10602.035494492156,82.72604655080207
842617.8810972605,73.19524714597527
403185.52921858185,84.28945058917837
14709.081178825698,52.226949145213155
61679.72679567081,71.42794980641428
16928.098352042143,88.94481613717619
188866.76898915577,80.44229542695629
157733.82519845606,77.71855134973318
147478.888809285,83.83522156227855
247886.50854319497,68.55669410540678
332538.1204215946,78.41204917722335
202138.45008051535,34.20175293230123
56227.04991710046,77.10373124659647
153125.87506004446,59.45304865229269
764051.280112068,77.68606872096825
190326.28378698858,72.2745885754859
114491.010578983,68.37097003934089
96882.16048681817,84.24961822303828
824644.757845793,79.49169167463636
237157.22701661498,89.23190034001082
880504.147647451,92.98974276935454
437789.659094829,71.40679804044233
476480.06450558093,75.382896952895
195242.81373482,68.170133417522
27819.432910886128,81.46971557928164
92216.75468771218,54.686891263359186
97521.49776016292,60.59124301811208
245543.17882515898,67.96381664147933
1112579.2222803603,76.94216291482509
767275.9797406906,88.21178891381587
36569.893225646694,68.04425489582934
190823.09463281347,66.24664704771409
417399.6115226977,40.7264981589537
80650.24430187966,76.79491678776336
128409.28916136269,73.16821079718363
29349.045888529625,86.93851043184705
128653.00178373675,74.98890253410823
118665.32006449264,78.7765265838355
801610.5548308188,86.75774939933171
598877.6427006301,92.50139048114964
4227307.533147777,71.4489203288084
18520.410542991012,88.27652447830702
584651.0969260704,67.72137558369815
246717.44792321185,82.16337811259682
661613.8991835887,48.83681635851361
655170.5252556746,89.04687035971325
597323.0552905184,79.40851553953851
88212.5808958906,71.16698241348108
1289517.9620716167,85.7815120279991
21192.357742209686,45.06979119716171
101991.99572590808,77.35402904533308
141122.2386197414,80.92177481937361
94829.29522610654,79.15954187487432
630306.0222911524,52.257124298263065
197763.45606441027,57.57915185828301
216028.6038753977,58.2164024226496
232509.51520626224,79.5896187671175
52292.02630642685,86.56335432401208
510857.8738629593,67.06568262318311
76113.96623136394,51.75972127238073
692095.0971651118,73.0104378394231
2176828.197730189,69.79791230177374
229905.72841763392,56.184319962226716
2672843.019767072,76.80989765996326
43810.395493305405,88.10966269839852
2482503.7111543743,50.445513933534286
55397.45321295061,81.22524768845594
615553.3621611045,55.48978065231471
84210.92828427523,72.91423931134887
273837.3191307029,77.62770723997022
88702.82338304655,85.41020107649626
165384.68286668218,78.7844891412494
34116.805720857345,60.65747467683728
153911.504349679,55.11294864543447
693933.439993125,72.52804662790346
604428.2389889132,49.057256953194134
27134.331679290393,84.51923900669678
164463.2957157601,56.20986638773696
138462.7297078065,75.16392017420057
24329.69348192739,29.558234213552453
806013.1439966514,72.06806242769645
57833.255919685704,82.22554191331088
40917.53513228765,87.0355219937845
207151.50163896906,88.40158022299995
396870.49289435276,60.10799872230151
105892.73642755707,62.61484472387605
114429.11301354168,84.5581218826804
397931.31202745123,67.09211603891463
229936.41301015986,85.26387268886839
334488.10202072933,68.1999258753723
1368033.3730661436,74.26061941168675
967406.5407087301,65.45304052038051
256683.0863564544,79.888892305846
338837.2081174345,66.54140036752531
35185.34564644168,62.96699537372392
148424.21697951725,74.25250299169001
299975.61635270086,54.754447434208146
155190.96698800405,69.85377388368772
76024.29261925921,58.57180148943692
239258.88389004325,61.88550551754137
629223.7220892034,36.31373255900994
46615.811574543244,94.32509341581762
53962.728739617276,50.551828722594905
276433.0208441848,88.94137824175962
190737.32688530895,87.60000204269485
86570.26319807139,90.365889252164
58550.669242972275,85.91425539088263
63152.371016378864,64.22231022598385
300383.9326559636,85.12790024675758
143558.25085160986,51.726327174507105
461785.8260995125,67.36184946129241
226118.26834194572,82.31491341360915
170218.38165816176,74.23399845696781
79837.4294988683,76.13055491105581
3469572.6848975,67.47073458609188
199352.7855375437,80.25299011511439
210899.8067077318,86.61239578518251
180049.7989164102,93.4919752007211
541183.3109379803,49.46849712922014
799353.8647542786,80.85863912457303
31730.093627109076,82.41815506842146
335806.1024362538,52.385474436611716
278810.8942767966,72.83715656858271
300962.67827407015,80.1767088232823
113600.84682621737,51.27020480778931
76336.60968306987,59.59379717107797
98608.4438832096,88.74347570128765
269879.8576449058,76.0007157224554
230500.96418112807,75.17499777811716
2277373.047266147,65.19079097189132
90263.31532616797,73.71261745821275
88464.0064311187,60.34178638529504
1297122.3161429898,46.178254652910844
372182.2587542108,77.46055643742847
500693.2046276856,71.56778643189237
1348012.8945741463,87.52957522986547
19750.623286830727,74.82804362548283
202086.47405518382,79.36667282028071
12878.247766214074,82.07486789699237
611815.1052341555,68.22978517283083
263271.4936056555,72.03573003867191
131817.61642113666,85.47093018411064
494203.90085560957,65.1766892177823
119365.80882783106,68.6224668407485
16145.143285345752,76.58336992207857
873465.6322240377,65.83950097569712
567612.490652074,73.69411751919112
2740715.95680465,0.7428431984549491
168519.0428886616,79.89154179024908
139367.96522927773,71.11323916574105
229416.4845671762,80.12297086526186
40183.8745409773,76.37963854339411
111901.03904177621,56.76986605970794
161146.6800001642,51.13871494665311
79439.54500452185,78.70138866919264
256815.3212431916,71.33762158513356
40265.66167099634,74.6203597174997
142845.03607794782,41.6260584049157
274504.0803813124,79.54600290342596
32814.88236581173,77.46187644111757
74642.74768246745,70.43799704118182
175541.8305391597,54.33191668265977
211689.87510828208,58.286599215496494
188487.93145492242,83.75768320714975
896109.210265403,60.36331149308688
691984.2989234285,80.88748221332051
271562.50237135065,71.75196253114694
276941.81395562005,73.82232127585236
285730.7360885929,43.47366893816893
128114.78486652824,82.60327784763017
111464.82938855246,73.86223203813995
10731.780709934537,82.03080787975698
987664.2975737116,81.44508064916678
338517.70399989514,70.24821023500664
19481.53806796053,78.46998624849999
471153.0811825703,69.77262713123274
861281.2625907,89.57458666305229
538947.7954817113,49.752645854726076
63868.96296119562,79.92499372602077
62900.923740315135,86.58255551749961
57752.00977638434,83.6844719024797
151669.09986704867,78.84558998415562
316209.92571743345,56.2178851117515
14123.118752333685,56.56448766102002
575305.8254683207,71.44405148537656
1636921.676359585,87.74406146136067
345994.0603912688,88.54812917220367
96544.65828621527,77.90438276809836
3274293.594129737,63.339505293504146
95558.15451308212,68.98992830361227
197349.12886371184,77.49272111418368
58894.899795659,54.998326670703676
278605.54349396785,70.15339926037274
108472.85914136248,83.24477776355074
949490.2072530641,73.89610743877651
443905.0246134853,68.89383282135563
559908.4737771671,77.42737788326858
42581.51707605587,77.26228598132806
114380.58529066446,73.81806937687563
150416.1869364169,70.1490562571022
22643.153252660064,77.0041938157927
208158.70877767855,60.92268316629592
279814.4609571465,75.17966955075428
430075.54579295346,79.07414630832976
496277.3800089102,71.36172175345203
664872.1030108911,87.9190783139397
50204.212525364244,79.24638783140573
105070.21247219224,95.34084592409238
168975.7483942234,89.41281406361543
400162.12989589653,80.05437848773313
41218.086515670526,57.872710916723264
736624.9018826076,84.45330120438739
115412.0574739062,79.2944714534796
10625.947292234516,67.67368177634214
33847.6541924373,82.18406381590631
560754.0037017752,87.45888645801303
55881.024337423616,64.6582673936967
172395.14127769356,77.79744082999369
1462923.7865108796,73.1447388267254
37180.823736293474,68.69240596189756
200932.69153196365,86.43962237255755
704502.6903621085,57.71385837550939
258592.04985812213,76.16523824354084
75527.06200851,95.67305158154366
792092.9408190489,58.61516706175364
11766.762235976406,80.23683055179258
151414.53668747342,87.62031572558827
1567318.4201983497,92.27478566507901
141822.57763535785,85.36102877197027
93948.64057099097,29.087114057519834
139616.82600824255,83.3673349497581
57194.698329401435,87.78354204651284
1219055.9160547596,69.17166387277751
34321.87457385752,57.399350570160195
277237.25799990084,87.93685420254569
68806.55056304391,82.81633627192444
259931.0594713923,76.57682825081014
19638.451516429428,81.82082321851883
307305.52608646464,67.8042149665188
1456265.0960230725,45.214198005064524
49570.351673186524,42.95569966160905
434824.2025228458,65.99702073821395
40573.67472203204,80.28221596251527
159839.105032234,78.79029671442728
56639.20451327716,58.605483465270765
206141.73805356713,77.20837717763644
56671.768012229004,73.5094981809083
66768.18047005811,87.12127800335324
205496.2079414127,60.99169561037118
129876.24068768404,79.6780656196258
314211.28911954444,68.09224611793013
533099.4668077681,82.9696906372407
963424.5660298247,90.02054542877082
356958.2787663378,65.18258448773226
351741.7719405466,64.4955731205617
123058.8248449635,77.90730771922887
69274.72991876758,62.10781923457938
171087.5931163848,63.81063501824569
72634.75764837698,89.74288788215804
208104.14215003175,61.063322178891475
140017.63864444464,72.80944918916289
451295.2823434217,76.62683113203332
418487.73279170704,65.96965920175194
239390.8643373166,74.1999675313888
751731.0405834381,66.9325069481796
880533.1227571488,53.41480925847878
89698.49411263398,86.17380648889508
1007475.0326835125,44.81486827152888
542363.4068420246,91.59724002779834
281489.9192168381,76.21921024201794
160164.55855161604,52.24645173012485
607966.0764948811,77.04093817614347
48435.230780746904,87.60485052986549
19813.967713418882,77.19464695558966
1186317.9177967212,48.6186103500457
36050.81926592952,72.10085560228244
25144.648172611254,89.27533109632975
137320.65707325074,82.05858540974161
453315.3027297909,87.8957811685991
88006.04100884427,70.05418207940251
914759.6410312349,54.73646132374492
45204.59823257965,68.14824452734337
290544.0729781714,59.434249687456585
1548469.3883074191,70.21822435103569
387913.5831735933,79.45177543614115
1298979.6211033403,68.24071042124828
13223.050572109642,79.08247398084423
67151.62148465717,59.4911630764095
73873.71592326998,51.76079264240204
213567.27891492657,79.99562468121809
321146.86050737754,87.06300077685404
689739.3930403333,61.483025089986626
99371.44928614527,83.39828424500173
114487.07637125754,62.91143333179519
270991.75330598815,74.35628474245138
754957.9175416833,56.51014267752494
354001.0486139847,75.40693774927637
22077.32290468132,78.49702451472811
109453.5672338847,66.42851728960565
112293.11067409243,80.711409548982
1219525.6230863552,70.13767255092014
1154994.8446685849,38.852396354848445
521308.16472477035,68.04261431456754
46405.3381931911,86.59193848156154
251917.4963012644,91.20737036659429
483795.34172048944,67.16586799273418
212858.92544481182,76.73861342702236
774417.7322474149,74.36657056140632
419501.66128816956,88.0840030649264
384130.790406632,81.52865317281038
135919.05398255563,78.223458409525
51367.216778746224,67.70218125408412
35421.05441062711,77.50825510680608
95621.55084497097,72.31238034976731
476953.68017101113,57.89461830475346
77364.26904996613,54.710465294760986
280497.9356293398,94.44306122495504
353459.82921332726,48.91184961791131
120305.2041431173,70.62336562850392
1219207.7341584847,84.56288469966712
952511.4932567397,66.50308691497595
270171.87156489096,23.70873906082555
130804.33715538273,82.24433039124673
56509.85663538554,80.10534650460669
62767.57724223705,79.70038104634622
200667.37437449791,86.94978866251654
22375.749516083393,53.60707611709107
163447.39377494156,79.58532504816164
132173.16905240645,32.65253440255059
406009.4732942971,78.88270458447279
41249.18758824933,78.22967950657517
371063.6202381577,53.218416478874545
1692117.5471963566,61.8671169735702
22299.486510838033,75.50702278514304
158658.25650428352,63.342334810407564
44712.524517350364,33.198510082341215
370123.00000588887,82.4711287463107
1151154.9362520417,39.12436540580699
1176576.850777225,63.49494181125272
18740.43484778423,84.32628502223875
1371388.681985139,75.47629010303889
62507.784155246685,64.61103231508339
37776.719007692765,73.92445713406242
165437.48619234923,53.67310996573528
649610.0568928543,83.68464042993043
414497.5825000069,85.66566156673944
633632.7484558689,75.92089039106375
24568.568323293002,74.55861236553439
63722.33592459827,72.0479278715888
745939.2193397888,82.0698906381985
169578.8976950131,77.33725438301121
290556.4739810055,83.20716378306258
110017.73917055305,76.30665699979347
258269.30652662308,74.43724564995755
16635.740127732046,76.73798723025784
330383.5723294087,47.410331379871096
265412.82459183654,52.65245036987726
272858.61542001157,74.05985488802982
123562.55983245163,80.91914683831246
1532659.3292633668,89.78988509184704
43476.02351246285,85.10417477473555
800769.5588771567,72.63678976759141
48349.55479962181,71.79405445123832
40677.17250070511,86.52237868869749
31308.66399834794,79.76490216907668
652722.4536937388,79.1787285106629
1809124.9604479447,84.85536773657819
57110.537743123365,84.15338210777249
97526.71217810921,78.11365814664597
83392.80548590433,74.1632045416949
121395.88549475104,66.19354544649647
1073053.980433321,69.19016143421875
780200.8221884434,42.06182048560725
325468.379223994,72.75569056370509
287264.22173057566,86.38271635906526
151620.2362337286,78.1485201597295
76563.99501593877,78.61069116921024
116918.12448228756,83.6850438646105
29445.586599330534,50.78126834609017
876034.2033224901,86.62094258581459
345233.26715047157,85.33647471258689
1085046.1986538447,58.287423288011816
13613.063641205546,70.24326547065313
391343.40620813693,87.64611310287655
194387.18743053614,68.64307863937698
21750.66052254697,83.41927980493996
108693.50792309816,75.32752159119184
395390.2834568274,75.24784103146375
293821.67503368866,86.87494949396385
1023439.845877024,55.91999604439209
79703.63559932308,83.10163197279863
316493.3768081333,82.78800509837838
153771.13787275704,71.21005536148174
68125.79043023929,48.425819094535505
397835.1520811877,82.48190251384844
105744.84330662561,77.87403181294238
1448834.506649984,77.45334471474231
2157451.123261181,53.70500735288631
147723.23729671573,50.77956042916641
45497.39957465092,51.265803235729294
126316.12486174714,79.54920256953433
646441.5942297973,86.7538799335227
366741.1692444178,83.526291648807
262544.6852924245,71.10933729111143
218152.63509087404,65.76305087721974
2171108.945582814,66.7168681938737
180492.42237537727,82.46523266779128
216934.2021367033,77.4300977358601
32086.136460909736,88.31635500769805
17807.66659789777,87.49973043114477
78515.79156755179,77.02221390537017
133743.42815475934,54.14709945506554
69841.18729594979,78.91051664762871
14752.361545523629,75.59091237694474
140330.09327074175,68.46785553482721
51731.47921081912,84.44174437327733
159387.63096959458,92.00538396842866
164689.69159083662,65.26150987928602
381699.31171036605,82.34951550614888
82041.40922553313,83.28872661567675
511051.68364327436,78.90249177466161
381482.41200024553,82.88648699483377
754515.2164618504,87.06909227204673
1831968.90770875,39.298732145177055
531208.0870924516,86.57495275451937
41071.9100782288,73.23420995281849
964246.1424285524,25.458863770761035
1058513.2112449482,75.29258701728187
420162.9466961358,84.12176018748403
39956.36327969504,90.01738540557348
